card_id,card_name,issuer,country,network,card_type,link,monthly_fee,monthly_fee_value,annual_fee,annual_fee_value,welcome_bonus_summary,best_for,best_categories,one_liner,eligibility_summary,income_requirement_personal,income_requirement_household,rewards_type,fx_fee,lounge_access,insurance_summary,grocery_rate,dining_rate,gas_rate,travel_rate,transit_rate,drugstore_rate,streaming_rate,base_rate
amex_cobalt_ca,American Express Cobalt Card,American Express,Canada,American Express,Credit Card,https://www.americanexpress.com/en-ca/credit-cards/cobalt-card/?cpid=100438840&linknav=ca-en-amex-cardshop-details-browse-cobaltCard,15.99,15.99,191.88,191.88,"Earn up to 15,000 Membership Rewards ® points 1 * by earning 1,250 Membership Rewards ® points for each monthly billing period in which you spend $750 on your Card in your first year as a new Cobalt Cardmember. This could add up to 15,000 points in a year. 1 * That’s up to $150 towards your next weekend getaway. 11 *Current or former Cardmembers with this Card are not eligible for this offer. Other terms apply. Financial Information Card Type Credit Card Additional Cards No","dining,groceries,streaming,gas,transit,travel,air_travel,hotel_rewards,cashback","grocery,dining,travel,gas,transit,streaming,cashback","Everyday rewards card suited for dining, groceries, streaming, gas, and transit.","Eligibility To save time, make sure you can say yes to all of the following before checking your eligibility for the American Express Cobalt ® Card: You are a Canadian resident and have a Canadian credit file You are the age of majority in the province or territory where you live",,,membership_rewards,,,,,,,,,,,
amex_platinum_ca,The Platinum Card,American Express,Canada,American Express,Charge Card,https://www.americanexpress.com/en-ca/charge-cards/the-platinum-card/?cpid=100438840&linknav=ca-en-amex-cardshop-details-browse-thePlatinumCard,,,799.0,799.0,"earn up to $240 in statement credits within a 12 month period until December 31, 2027. 43 Pay for almost anything with points From groceries and gas to travel and streaming services, you can redeem your Membership Rewards points with Use Points for Purchases to cover eligible Card purchases. Information button icon 1,000 points = $10 for all eligible purchases All","dining,groceries,streaming,gas,travel,air_travel,hotel_rewards,cashback","grocery,dining,travel,gas,streaming,cashback","Everyday rewards card suited for dining, groceries, streaming, gas, and transit.","Eligibility To save time, make sure you can say yes to all of the following before checking your eligibility for The Platinum Card ® : You are a Canadian resident and have a Canadian credit file You are the age of majority in the province or territory where you live",,,membership_rewards,,,,,,,,,,,
amex_gold_rewards_ca,American Express Gold Rewards Card,American Express,Canada,American Express,Credit Card,https://www.americanexpress.com/en-ca/credit-cards/gold-rewards-card/?cpid=100438840&linknav=ca-en-amex-cardshop-details-browse-americanExpressGoldRewardsCard,,,250.0,250.0,"Earn up to 60,000 Membership Rewards ® points 1* by earning 5,000 Membership Rewards points for each monthly billing period in which you spend $1,000 on your Card in your first year as a new American Express ® Gold Rewards Cardmember. This could add up to 60,000 points in a year. 1* That’s up to $600 towards your next vacation. 12 * Current or former Cardmembers with this Card are not eligible for this offer. Other terms apply. Scroll Down To Learn More American Express ® Gold Rewards Card Gold Rose Gold APPLY WITH CONFIDENCE Get an instant decision with no impact to your credit score Here’s how it works Apply Now Note: Once you click Apply Now you will not be able to change the colour of the Card you selected once you submit your application. Footnotes Card Type Credit Card","dining,groceries,streaming,gas,travel,air_travel,hotel_rewards,cashback","grocery,dining,travel,gas,streaming,cashback","Everyday rewards card suited for dining, groceries, streaming, gas, and transit.","Eligibility To save time, make sure you can say yes to all of the following before checking your eligibility for the American Express ® Gold Rewards Card: You are a Canadian resident and have a Canadian credit file You are the age of majority in the province or territory where you live",,,membership_rewards,,,,,,,,,,,
amex_aeroplan_reserve_ca,American Express Aeroplan Reserve Card,American Express,Canada,American Express,Credit Card,https://www.americanexpress.com/en-ca/credit-cards/aeroplan-reserve/?cpid=100438840&linknav=ca-en-amex-cardshop-details-browse-aeroplanReserveCard,,,599.0,599.0,"earn up to $4,400 in value within your first 13 months When you combine the Welcome Bonus offer of up to $1,700 in value, your earn potential in accelerated and everyday spend earn rate categories with approximately $1,760 in value, and the $1,000 in value you get from exceptional","dining,travel,air_travel,hotel_rewards,cashback","dining,travel,cashback","Everyday rewards card suited for dining, groceries, streaming, gas, and transit.","Eligibility To save time, make sure you can say yes to all of the following before checking your eligibility for the American Express ® Aeroplan ®* Reserve Card: You are a Canadian resident and have a Canadian credit file You are the age of majority in the province or territory where you live",,,aeroplan,,,,,,,,,,,
amex_aeroplan_ca,American Express Aeroplan Card,American Express,Canada,American Express,Charge Card,https://www.americanexpress.com/en-ca/charge-cards/aeroplan-card/?cpid=100438840&linknav=ca-amex-cardshop-details-browse-americanExpressAeroplanCard,,,120.0,120.0,"earn up to $1,450 in value within your first 13 months. When you combine the Welcome Bonus offer of up to $800 in value, your earn potential in accelerated and everyday spend earn rate categories with approximately $515 in value, and the $140 in value you get from exceptional","dining,travel,air_travel,hotel_rewards,cashback","dining,travel,cashback","Everyday rewards card suited for dining, groceries, streaming, gas, and transit.","Eligibility To save time, make sure you can say yes to all of the following before checking your eligibility for the American Express ® Aeroplan ®* Card: You are a Canadian resident and have a Canadian credit file You are the age of majority in the province or territory where you live",,,aeroplan,,,,,,,,,,,
amex_marriott_bonvoy_ca,Marriott Bonvoy American Express Card,American Express,Canada,American Express,Credit Card,https://www.americanexpress.com/en-ca/credit-cards/marriott-bonvoy-card/?cpid=100438840&linknav=ca-amex-cardshop-details-browse-marriottBonvoyAmericanExpressCard,,,120.0,120.0,"Earn 80,000 Marriott Bonvoy ® Points 1§** Earn 80,000 points after you spend $6,000 on your Card in your first 6 months as a new Marriott Bonvoy ® American Express ®* Cardmember. 1§** axp-icon-plus-filled Earn 30,000 Marriott Bonvoy ® Points 1§** when you make a purchase in your 15th month of Cardmembership. 1§** § Offer ends April 7, 2026. *Crossed out amount is based on the standard bonus offer previously available not including other special targeted offers. **Current or former Cardmembers with this Card are not eligible for these offers. Other terms apply. Scroll Down To Learn More Marriott Bonvoy ® American Express ®* Card APPLY WITH CONFIDENCE Get an instant decision with no impact to your credit score Here’s how it works Apply Now Footnotes Financial Information Card Type Credit Card","dining,groceries,travel,air_travel,hotel_rewards,cashback","grocery,dining,travel,cashback","Everyday rewards card suited for dining, groceries, streaming, gas, and transit.","Eligibility To save time, make sure you can say yes to all of the following before checking your eligibility for the Marriott Bonvoy ® American Express ®* Card: You are a Canadian resident and have a Canadian credit file You are the age of majority in the province or territory where you live",,,hotel_points,,,,,,,,,,,
amex_simply_cash_preferred_ca,SimplyCash Preferred Card,American Express,Canada,American Express,Credit Card,https://www.americanexpress.com/en-ca/credit-cards/simply-cash-preferred/?cpid=100438840&linknav=ca-amex-cardshop-details-browse-simplyCashPreferredCard,9.99,9.99,119.88,119.88,"Earn up to $200 in bonus cash back 1* by earning a bonus 10% cash back on all purchases (up to $2,000 in purchases) in your first 3 months as a new SimplyCash ® Preferred Card from American Express Cardmember. 1* That’s on top of your everyday cashback rates. axp-icon-plus-filled Earn a $50 statement credit 1* when you make a purchase in month 13. 1* *Current or former Cardmembers with this Card are not eligible for this offer. Other terms apply. Financial Information Card Type Credit Card Card Fee For non-Quebec residents, $9.99/month (Equals $119.88 annually). For Quebec residents, $119/year. Annual Interest Rate 21.99% on purchases and 21.99% on funds advances* Additional Cards No","dining,groceries,gas,travel,air_travel,hotel_rewards,cashback","grocery,dining,travel,gas,cashback","Everyday rewards card suited for dining, groceries, streaming, gas, and transit.","Eligibility To save time, make sure you can say yes to all of the following before checking your eligibility for the SimplyCash ® Preferred Card from American Express: You are a Canadian resident and have a Canadian credit file You are the age of majority in the province or territory where you live",,,cashback,,,,,,,,,,,
amex_simply_cash_ca,SimplyCash Card,American Express,Canada,American Express,Credit Card,https://www.americanexpress.com/en-ca/credit-cards/simply-cash/?cpid=100438840&linknav=ca-en-amex-cardshop-details-browse-simplyCashCard,,,,,"Earn up to $100 in bonus cash back 1* by earning a bonus 5% cash back on all purchases (up to $2,000 in purchases) in your first 3 months as a new SimplyCash ® Card from American Express Cardmember. That’s on top of your everyday cash back earn rates. 1 *Current or former Cardmembers with this Card are not eligible for this offer. Other terms apply. Financial Information Card Type Credit Card","dining,groceries,gas,travel,air_travel,hotel_rewards,cashback","grocery,dining,travel,gas,cashback","Everyday rewards card suited for dining, groceries, streaming, gas, and transit.","Eligibility To save time, make sure you can say yes to all of the following before checking your eligibility for the SimplyCash ® Card from American Express: You are a Canadian resident and have a Canadian credit file You are the age of majority in the province or territory where you live",,,cashback,,,,,,,,,,,
amex_green_ca,American Express Green Card,American Express,Canada,American Express,Credit Card,https://www.americanexpress.com/en-ca/credit-cards/green-card/?cpid=100438840&linknav=ca-en-amex-cardshop-details-browse-GreenCard,,,,,"Earn 10,000 Membership Rewards ® points 1* when you spend $1,000 on your Card within the first 3 months as a new American Express ® Green Cardmember. 1* That’s $100 towards your next shopping spree or ordering dinner in. 11 * Current or former Cardmembers with this Card are not eligible for this offer. Other terms apply. Financial Information Card Type Credit Card","dining,groceries,streaming,gas,travel,air_travel,hotel_rewards,cashback","grocery,dining,travel,gas,streaming,cashback","Everyday rewards card suited for dining, groceries, streaming, gas, and transit.","Eligibility To save time, make sure you can say yes to all of the following before checking your eligibility for the American Express ® Green Card: You are a Canadian resident and have a Canadian credit file You are the age of majority in the province or territory where you live",,,membership_rewards,,,,,,,,,,,
amex_essential_ca,American Express Essential Credit Card,American Express,Canada,American Express,Credit Card,https://www.americanexpress.com/en-ca/credit-cards/essential-credit-card/?cpid=100438840&linknav=ca-amex-cardshop-details-browse-americanExpressEssentialCreditCard,,,25.0,25.0,Earn rewards as usual Learn more at amex.ca/installments Unsure about which Card is appropriate for you? Use our Help Me Choose tool to find a Card for your wallet Help Me Choose,"dining,travel,air_travel,hotel_rewards,cashback","dining,travel,cashback","Everyday rewards card suited for dining, groceries, streaming, gas, and transit.","Eligibility To save time, make sure you can say yes to all of the following before checking your eligibility for the American Express Essential TM Credit Card: You are a Canadian resident and have a Canadian credit file You are the age of majority in the province or territory where you live",,,points,,,,,,,,,,,
rbc_avion_visa_infinite_ca,RBC Avion Visa Infinite,RBC,Canada,Mastercard,Credit Card,https://www.rbcroyalbank.com/credit-cards/travel/rbc-avion-visa-infinite.html,,,120.0,120.0,"Get up to 55,000 Avion points 1 (max travel value of $1,100 † ), that’s up to 3 round trip flights ^ View Offer Details Hide Offer Details Get 35,000 Welcome Points on approval and 20,000 bonus points when you spend $5,000 in your first 6 months 1 .","travel,flexible_travel_rewards,airline_rewards,cashback,gas,food_delivery,car_rental,premium_perks,low_interest,rewards","dining,travel,gas,cashback","Canadian travel rewards card for flexible flight redemptions, travel purchases, and premium perks.","A minimum personal income of $60,000 or a minimum household income of $100,000 is required for this card.",60000.0,100000.0,avion,,,,,,,,,,,
rbc_ion_plus_visa_ca,RBC ION+ Visa,RBC,Canada,Mastercard,Credit Card,https://www.rbcroyalbank.com/credit-cards/rewards/rbc-ion-plus-visa.html,,,48.0,48.0,"Get up to 21,000 Avion points ^ - that’s up to $150 of value in gift cards! † Apply by May 6, 2026.","travel,flexible_travel_rewards,airline_rewards,cashback,gas,food_delivery,premium_perks,low_interest,rewards","dining,travel,gas,cashback","Canadian travel rewards card for flexible flight redemptions, travel purchases, and premium perks.",,,,avion,,,,,,,,,,,
rbc_world_elite_mastercard_ca,WestJet RBC World Elite Mastercard,RBC,Canada,Mastercard,Credit Card,https://www.rbcroyalbank.com/credit-cards/travel/westjet-rbc-world-elite-mastercard.html,,,139.0,139.0,"Get up to 45,000 WestJet points 1 Legal Disclaimer , that’s a value of up to $450 off travel Annual Fee $139 Additional Card $59 Purchase Rate 20.","travel,flexible_travel_rewards,airline_rewards,cashback,gas,food_delivery,premium_perks,low_interest,rewards","dining,travel,gas,cashback","Canadian travel rewards card for flexible flight redemptions, travel purchases, and premium perks.",,,,points,,,,,,,,,,,
rbc_cashback_mastercard_ca,RBC Cashback Mastercard,RBC,Canada,Mastercard,Credit Card,https://www.rbcroyalbank.com/credit-cards/cash-back/rbc-cashback-mastercard.html,,,0.0,0.0,"Get up to 7% cash back for the first 3 months on up to $1,000 in total purchases ^ .","travel,flexible_travel_rewards,airline_rewards,cashback,gas,food_delivery,premium_perks,low_interest,rewards","dining,travel,gas,cashback","Canadian travel rewards card for flexible flight redemptions, travel purchases, and premium perks.",,,,cashback,,,,,,,,,,,
rbc_preferred_world_elite_mastercard_ca,RBC Preferred World Elite Mastercard,RBC,Canada,Mastercard,Credit Card,https://www.rbcroyalbank.com/credit-cards/cash-back/rbc-preferred-world-elite-mastercard.html,,,99.0,99.0,"Welcome Bonus”) made with your RBC Cash Back Preferred World Elite Mastercard within the first 3 months from your account open date, up to a maximum of $2,000 in Net Purchases per credit card account (“Offer”) provided that your RBC Cash Back Preferred World Elite Mastercard credit card account (“Credit Card Account”) remains open and in good standing at the time the Welcome points are credited to your account.","travel,flexible_travel_rewards,airline_rewards,cashback,gas,food_delivery,premium_perks,low_interest,rewards","dining,travel,gas,cashback","Canadian travel rewards card for flexible flight redemptions, travel purchases, and premium perks.","A minimum personal income of $80,000 or a minimum household income of $150,000 is required for this card.",80000.0,150000.0,cashback,,,,,,,,,,,
rbc_visa_classic_low_rate_ca,RBC Visa Classic Low Rate Option,RBC,Canada,Mastercard,Credit Card,https://www.rbcroyalbank.com/credit-cards/low-interest/rbc-visa-classic-low-rate.html,,,20.0,20.0,Welcome Kit for complete details or online in Credit Card Documentation .,"travel,flexible_travel_rewards,airline_rewards,cashback,gas,food_delivery,premium_perks,low_interest,rewards","dining,travel,gas,cashback","Canadian travel rewards card for flexible flight redemptions, travel purchases, and premium perks.",,,,unknown,,,,,,,,,,,
rbc_ion_visa_ca,RBC ION Visa,RBC,Canada,Mastercard,Credit Card,https://www.rbcroyalbank.com/credit-cards/rewards/rbc-ion-visa.html,,,0.0,0.0,"Get up to 11,000 Avion points ^ - that's up to $75 of value in gift cards † ! Apply by May 6, 2026.","travel,flexible_travel_rewards,airline_rewards,cashback,gas,food_delivery,premium_perks,low_interest,rewards","dining,travel,gas,cashback","Canadian travel rewards card for flexible flight redemptions, travel purchases, and premium perks.",,,,avion,,,,,,,,,,,
rbc_more_rewards_visa_ca,More Rewards RBC Visa,RBC,Canada,Mastercard,Credit Card,https://www.rbcroyalbank.com/credit-cards/rewards/more-rewards-rbc-visa.html,,,0.0,0.0,"Welcome More Rewards points 20,000 Here’s what you could earn: Annual More Rewards points 0 points Welcome More Rewards points 20,000 points Total More Rewards points 20,000 points 20,000 More Rewards points 2 $ 30 in Groceries 2 Exclusive RBC Perks and Partner Offers Enjoy even more great savings and perks from RBC and other well-known brands.","travel,flexible_travel_rewards,airline_rewards,cashback,gas,premium_perks,low_interest,rewards","travel,gas,cashback","Canadian travel rewards card for flexible flight redemptions, travel purchases, and premium perks.",,,,points,,,,,,,,,,,
rbc_moi_visa_ca,Moi RBC Visa,RBC,Canada,Mastercard,Credit Card,https://www.rbcroyalbank.com/credit-cards/rewards/moi-rbc-visa.html,,,0.0,0.0,"Get up to 5,000 bonus Moi points 1 (a value of $40 ^ ) by January 20, 2027 Annual Fee $0 Additional Card $0 Purchase Rate 20.","travel,flexible_travel_rewards,airline_rewards,cashback,gas,premium_perks,low_interest,rewards","travel,gas,cashback","Canadian travel rewards card for flexible flight redemptions, travel purchases, and premium perks.",,,,points,,,,,,,,,,,
rbc_visa_platinum_avion_ca,RBC Visa Platinum Avion,RBC,Canada,Mastercard,Credit Card,https://www.rbcroyalbank.com/credit-cards/travel/rbc-visa-platinum-avion.html,,,120.0,120.0,"Get up to 55,000 Avion points 1 (max travel value of $1,100 † ), that’s up to 3 round trip flights ^ View Offer Details Hide Offer Details Get 35,000 Welcome Points on approval and 20,000 bonus points when you spend $5,000 in your first 6 months 1 .","travel,flexible_travel_rewards,airline_rewards,cashback,gas,food_delivery,car_rental,premium_perks,low_interest,rewards","dining,travel,gas,cashback","Canadian travel rewards card for flexible flight redemptions, travel purchases, and premium perks.",,,,avion,,,,,,,,,,,
rbc_westjet_mastercard_ca,WestJet RBC Mastercard,RBC,Canada,Mastercard,Credit Card,https://www.rbcroyalbank.com/credit-cards/travel/westjet-rbc-mastercard.html,,,39.0,39.0,"Get up to 10,000 WestJet points 1 Legal Disclaimer , that's a value of up to $100 off travel Annual Fee $39 Additional Card $19 Purchase Rate 20.","travel,flexible_travel_rewards,airline_rewards,cashback,gas,food_delivery,premium_perks,low_interest,rewards","dining,travel,gas,cashback","Canadian travel rewards card for flexible flight redemptions, travel purchases, and premium perks.",,,,points,,,,,,,,,,,
rbc_british_airways_visa_infinite_ca,RBC British Airways Visa Infinite,RBC,Canada,Mastercard,Credit Card,https://www.rbcroyalbank.com/credit-cards/travel/rbc-british-airways-visa-infinite.html,,,165.0,165.0,welcome offers.,"travel,flexible_travel_rewards,airline_rewards,cashback,gas,food_delivery,premium_perks,low_interest,rewards","dining,travel,gas,cashback","Canadian travel rewards card for flexible flight redemptions, travel purchases, and premium perks.",,,,unknown,,,,,,,,,,,
rbc_visa_platinum_ca,RBC Visa Platinum,RBC,Canada,Mastercard,Credit Card,https://www.rbcroyalbank.com/credit-cards/no-fee/rbc-visa-platinum.html,,,0.0,0.0,special offer RBC ION Visa Annual Fee $0 Purchase Rate 20.,"travel,flexible_travel_rewards,airline_rewards,cashback,gas,food_delivery,premium_perks,low_interest,rewards","dining,travel,gas,cashback","Canadian travel rewards card for flexible flight redemptions, travel purchases, and premium perks.",,,,unknown,,,,,,,,,,,
rbc_us_dollar_visa_gold_ca,RBC U.S. Dollar Visa Gold,RBC,Canada,Mastercard,Credit Card,https://www.rbcroyalbank.com/credit-cards/travel/rbc-us-dollar-visa-gold.html,,,65.0,65.0,Welcome Kit for complete details or online in Credit Card Documentation .,"travel,flexible_travel_rewards,airline_rewards,cashback,gas,food_delivery,premium_perks,low_interest,rewards","dining,travel,gas,cashback","Canadian travel rewards card for flexible flight redemptions, travel purchases, and premium perks.",,,,unknown,,,,,,,,,,,
rbc_rateadvantage_visa_ca,RBC RateAdvantage Visa,RBC,Canada,Mastercard,Credit Card,https://www.rbcroyalbank.com/credit-cards/low-interest/rbc-rateadvantage-visa.html,,,0.0,0.0,Welcome Kit for complete details or online in Credit Card Documentation .,"travel,flexible_travel_rewards,airline_rewards,cashback,gas,food_delivery,premium_perks,low_interest,rewards","dining,travel,gas,cashback","Canadian travel rewards card for flexible flight redemptions, travel purchases, and premium perks.",,,,unknown,,,,,,,,,,,
scotia_passport_visa_infinite_ca,Scotiabank Passport Visa Infinite Card,Scotiabank,Canada,American Express,Credit Card,https://www.scotiabank.com/ca/en/personal/credit-cards/visa/passport-infinite-card.html,,,150.0,150.0,"Get up to $1,500 Δ in value in the first year, including a 60,000 bonus Scene+ point offer with minimum spend ♢ and no annual fee on your first supplementary card.","travel,scene_plus_rewards,no_fx_fee,lounge_access,dining,groceries,entertainment,transit,travel_insurance,cashback,student,no_annual_fee,low_interest","grocery,dining,travel,transit,student,cashback","Travel rewards card with no foreign transaction fees, Scene+ points, and airport lounge access.","You have a minimum income of $60,000 per year, a minimum household income of $100,000, or a minimum of $250,000 assets under management.",,100000.0,scene+,,,,,,,,,,,
scotia_momentum_infinite_card_ca,Scotiabank Momentum Visa Infinite Card,Scotiabank,Canada,American Express,Credit Card,https://www.scotiabank.com/ca/en/personal/credit-cards/visa/momentum-infinite-card.html,,,120.0,120.0,,"travel,scene_plus_rewards,dining,groceries,transit,travel_insurance,cashback,student,no_annual_fee,low_interest","grocery,dining,travel,transit,student,cashback",Travel and lifestyle rewards card focused on Scene+ points.,,,,scene+,,,,,,,,,,,
scotia_gold_card_ca,Scotiabank Gold American Express Card,Scotiabank,Canada,American Express,Credit Card,https://www.scotiabank.com/ca/en/personal/credit-cards/american-express/gold-card.html,,,120.0,120.0,"Get started Get started Get started Create a financial plan Get started with investing Build a budget Start your life in Canada Buy a home Get out of debt Planning for life Banking 101 Advice+ Resources Advice+ Resources Advice+ Resources Trending articles Interest rates and inflation Protect yourself from fraud Scene+ Book an Advice+ appointment Advice+ Tools Advice+ Tools Advice+ Tools How Advice+ works Scotia Smart Money Guided investing - Scotia Smart Investor What's your Money Style? Mortgage calculator Credit card rewards calculator Personal loan calculator Scene+ Scene+ The Program The Program The Program Debit and credit cards Scene+ Earn and redeem Partners Scene+ app Book an Advice+ appointment Get Support Get Support Get Support Frequently asked questions Program tips Advice+ Credit card rewards calculator Scene+ Debit Cards Scene+ Debit Cards Scene+ Debit Cards Ultimate Package Preferred Package Scene+ Credit Cards Scene+ Credit Cards Scene+ Credit Cards Scotiabank Scene+ Visa Card Scotiabank Passport Visa Infinite card Scotiabank Gold American Express card Scotiabank American Express card Scotiabank Platinum American Express card ScotiaGold Passport Visa card Scene+ for Students Scene+ for Students Scene+ for Students Preferred Package for Students and Youth Scotiabank Scene+ Visa Card for Students Scene+ Student Banking Bundle The Student Hub Programs Programs Programs & Services Programs & Services Programs & Services Scene+ Indigenous Peoples Bank The Rest savings program Hockey for All Scotia Perks Referral Program Specialty Services Specialty Services Specialty Services StartRight program for Newcomers Higher credit limit for Nova Credit Seniors Resource Centre The Student Hub Healthcare+ Banking Programs Lawyer Banking Program Offers Offers Offers Credit bureau reports Scene+ Student Banking Bundle Willful TurboTax Rates & Fees Rates & Fees Bank fees Bank fees Bank fees Bank account fees at a glance Credit card fees at a glance Tips to reduce fees Chequing account rates Investment account fees Borrowing Borrowing Borrowing Credit card interest rates Mortgage rates Savings & Investing Savings & Investing Savings & Investing Savings account interest rates GIC Interest rates Mutual funds prices Registered plan interest rates Currency Currency Currency Foreign exchange rates Foreign exchange services Credit Cards American Express Scotiabank Gold American Express Card Scotiabank Gold American Express Card Special offer Earn up to $850 ^ in welcome offers, first year rewards and savings value, and up to 45,000 bonus Scene+ points. Browse offer details About the offer To qualify for these offers make sure to open a new Scotiabank Gold American Express credit card account (“Account”) between January 2, 2026 and July 1, 2026. To qualify for the 45,000 bonus Scene+ points offer: Earn 25,000 bonus Scene+ points by making at least $2,000 in everyday eligible purchases in your first 3 months. You are eligible to earn an additional 20,000 Scene+ point bonus when you spend at least $7,500 in everyday eligible purchases in your first year. Once you qualify, we’ll credit your account in 2 instalments: 25,000 bonus Scene+ points will be credited to the applicable Scene+ membership account approximately 8 weeks after the qualifying $2,000 in eligible purchases being posted to your Account within the first 3 months of Account opening. An additional 20,000 bonus Scene+ points will be credited to the applicable Scene+ membership account approximately 8 weeks after you have met the $7,500 annual spend threshold in your Account in your first year. Note: For joint Accounts, the applicable bonus will be credited to the Scene+ account linked to the Account of the borrower that completed the last transaction to meet the qualifying amount of eligible purchases in the case of the 25,000 Point Bonus and the Additional 20,000 Point Bonus. Individuals who are currently or were previously primary or secondary cardholders of a Scotiabank personal credit card in the past 2 years, including those that switch from an existing Scotiabank personal credit card, as well as employees of Scotiabank, are not eligible for this offer. See terms and conditions below for full details. Apply now See if it’s right for you Your card at a glance 2 , 3 , 4 , 14 Annual fee $120 / year Waived with an eligible bank account Open an Ultimate Package chequing account and waive the ongoing annual fee for your Scotiabank Gold American Express Card. 3 Open a Preferred Package chequing account and waive the first year annual fee on a Scotiabank Gold American Express Card. 4 Minimum credit limit $5,000 Purchase interest rate 20.99% Cash advance rate 22.99% Your cash advance rate applies to advances, balance transfers, and cash-like transactions. Supplementary cards $29 / year You can apply if: You have a minimum personal income of $12,000 per year. Card highlights Earn up to 6X the Scene+ points 1 No foreign transaction fees 5 , Δ Skip to the Front of the Line with Amex 6 Earn up to 6X the Scene+ points 1 No foreign transaction fees 5 , Δ Skip to the Front of the Line with Amex 6 Earn up to 6X the Scene+ points 1 No foreign transaction fees 5 , Δ Skip to the Front of the Line with Amex 6 Built-in benefits Travel Everyday Amex Insurance Expand all Collapse all Get airport lounge access with Priority Pass As a Scotiabank Gold American Express cardholder, you get a discount on a Priority Pass membership. This gets you access to over 1,200 lounges around the world. 9 Earn Scene+ points on travel purchases Earn 1 Scene+ point for every $1 on eligible travel purchases. 1 Plus, earn an extra 3 Scene+ points for every $1 CAD you spend in Canada on hotels and car rentals when you book through Scene+ Travel, Powered by Expedia. 7 Apply Scene+ points to travel With Scene+, you have the flexibility to use your points on travel purchases, the way you want. To apply points to travel: 8 Use your Scotiabank Gold American Express Card to book your vacation with your favourite travel provider Wait for the purchase to be posted to your card Sign in to sceneplus.ca opens in a new tab and select Apply Points to Travel to redeem your points to cover the full or partial travel cost You can redeem points to cover your travel costs within 12 months from the date of your travel purchase Or, to book with Scene+ Travel, Powered by Expedia: 7 Sign into sceneplus.ca opens in a new tab Use Scene+ Travel, Powered by Expedia to plan your trip Fully or partially redeem your points on flights, car rentals, and hotels Expand all Collapse all No foreign transaction fees Shop online or abroad without the typical 2.5% foreign transaction fee on purchases made in a foreign currency. 5 Just the exchange rate applies. Buy now and pay over time with Scotia SelectPay A flexible way to pay off eligible Scotiabank credit card purchases of $100 or more, with low interest rates and no installment plan fee. § Expand all Collapse all Amex Experiences With Amex Experiences, you’ll get: Tickets and reservations to in-demand concerts, theatre productions, restaurants, and special events, often before the general public, with Front Of The Line Presale Access to reserved seats for Scotiabank Gold American Express Card cardholders, even after shows are on sale to the general public, with Front Of The Line Reserved Tickets Entertainment and event offers just for Scotiabank Gold American Express Card cardholders All Amex Experiences are subject to availability and must be charged to your Amex card. 6 Exclusive Amex Offers† Get exclusive offers for shopping, dining, travel, and more, just for Scotiabank Gold American Express Card cardmembers. 10 World-class concierge services Whether you need help booking restaurant reservations or scoring tickets for a show, the concierge service is happy to help you 24 hours a day, 7 days a week. 11 Expand all Collapse all Travel Emergency Medical Receive up to $1 million in emergency medical coverage for you, your spouse, and your eligible dependent children. Coverage is provided for eligible persons under age 65 for up to 25 consecutive days, and for eligible persons age 65 and older for up to 3 consecutive days. 12 Certificate of Insurance opens in a new tab Trip Cancellation and Trip Interruption Insurance Protect your trip with trip cancellation and interruption insurance when you charge at least 75% of your trip costs to your card. 12 You, your spouse, and your dependent children are eligible for up to $1,500 per person for travel expenses (maximum of $10,000 per trip). 12 Certificate of Insurance opens in a new tab Flight Delay Insurance When you charge at least 75% of your ticket to your card, you’re eligible for reimbursement of necessary expenses if your flight is delayed up to $500 per insured person on the same trip. 12 Certificate of Insurance opens in a new tab Delayed and Lost Luggage Insurance If your checked luggage is delayed or lost, you may be covered up to $1,000 if you charged the full cost of your travel ticket to your card. 12 Certificate of Insurance opens in a new tab Common Carrier Travel Accident When you charge at least 75% of your trip to your card, you’re insured against accidental loss of life or dismemberment up to $500,000 per insured person and up to $1,000,000 per occurrence. 12 Certificate of Insurance opens in a new tab Rental Car Collision/Loss Damage Insurance If your eligible rental car is damaged or stolen, you’re automatically insured if you: Charged the full cost of the rental to your card Rented the vehicle in your name Declined the rental agency’s collision damage waiver or loss damage waiver 12 Certificate of Insurance opens in a new tab Hotel/Motel Burglary Insurance Get up to $1,000 in theft coverage when you use your card to pay for a hotel or motel stay in Canada or the US. The coverage applies to you, your spouse, and your dependent children. 12 Certificate of Insurance opens in a new tab Mobile Device Insurance If you charge the full purchase price of your new smartphone or tablet to your Scotiabank Gold American Express Card and activate available cellular technology with a provider or charge all of your wireless bill payments for such device to your card when you fund the purchase through a plan, you may be covered for up to $1,000 CAD if the device is lost, stolen, or accidentally damaged. 12 Certificate of Insurance opens in a new tab Purchase Security and Extended Warranty Protection Most new purchases made with your Scotiabank Gold American Express Card are protected against theft, loss, or damage for 90 days from the purchase date. 12 Plus, when you charge the full cost of most items to your Scotiabank Gold American Express Card, extended warranty coverage may double the original manufacturer’s warranty for up to one year. 12 Coverage is limited to the lesser of the repair cost, replacement cost, or original purchase price, and is in excess of any other insurance coverage. 12 Items covered by a manufacturer’s warranty for repair services of five years or more must be registered within the first year of purchase. 12 Certificate of Insurance opens in a new tab Optional Scotia Credit Card Protection (SCCP) This optional insurance helps protect your finances by helping cover your balance or monthly payments during unexpected life events, such as 13 : Death Critical Illness Hospitalization Disability Job Loss Strike or Lockout There are two different coverage bundles to choose from 13 : Basic Protection Life Benefit Critical Illness Benefit Hospitalization Benefit Comprehensive Protection Life Benefit Critical Illness Benefit Hospitalization Benefit Disability Benefit Job Loss Benefit Strike or Lockout Benefit Learn about SCCP opens in a new tab Scene+ points on everyday purchases Earn Redeem Earn Scene+ points for every $1 you spend on eligible purchases. 1 6 points At Sobeys, Safeway, FreshCo, Foodland and more . 5 points On dining, food delivery, food subscriptions, and other eligible grocery stores. 5 points On eligible entertainment purchases. Includes movies, theatre, and ticket agencies. Up to 4 points Earn 1 Scene+ point for every $1 you spend on eligible travel purchases. Plus, earn an extra 3 Scene+ points for every $1 you spend on hotels and car rentals when you book through Scene+ Travel, Powered by Expedia. 7 3 points On eligible gas and transit options. Includes rideshare, buses, taxis, subways, and more. 3 points On eligible streaming services. 1 point On all other eligible purchases. Earn extra points with Scene+ rewards partners when you show your Scene+ membership card. Calculate your rewards Redeem your points, your way. Visit the Scene+ hub to explore all the ways to redeem or check out a few examples here: 1,000 points $10 off Cineplex movie tickets. 3,000 points $20 account credit on eligible accounts. 5,000 points $50 off at Home Hardware. 10,000 points $100 off at eligible grocery stores. 20,000 points $200 off travel with Scene+ Travel, Powered by Expedia and Apply Points to Travel. Some redemptions require a minimum number of points. Learn more opens in a new tab . Calculate your rewards Upcoming changes to Scotiabank Credit Cards, visit here for more details × Your award-winning credit card Winner of the 2025 Rewards Canada Top Travel Points Credit Card (annual fees) ± 2025 milesopedia Best Credit Card For Groceries ± 2025 Ratesdotca Best Credit Card for Subscriptions Δ± Winner of the 2025 creditcardGenius Best Foreign Exchange Credit Card ± Winner of the 2024 Rewards Canada Top Travel Points Credit Card (annual fees) † Winner of the 2023 MoneySense Best Rewards Card for everyday spending Winner of the 2023 credit card Genius Best Foreign Exchange Credit Card ± Winner of the 2022 Rewards Canada Top Travel Points Credit Card (annual fees) ‡ Winner of the 2022 credit card Genius Best Foreign Exchange Credit Card ± Winner of the 2022 MoneySense Best Rewards Card for everyday spending Winner of the 2021 Rewards Canada Top Travel Points Credit Card (annual fees) Winner of the 2021 creditcardGenius Best Flexible Credit Card Winner of the 2021 MoneySense Best Rewards Cards (everyday use) Winner of the 2020 MoneySense Best Travel Card for everyday use Your award-winning credit card Leading publishers like Rewards Canada and milesopedia agree that the Scotiabank Gold American Express Card is a winner. Browse all awards . Frequently asked questions Expand all Collapse all Which credit cards give me access to airport lounges? The Scotiabank Passport Visa Infinite, Scotiabank Passport Visa Infinite Privilege, and Scotiabank American Express Platinum cards give you access to airport lounges. The Scotiabank Passport Visa Infinite card gives primary cardholders a complimentary membership in the Visa Airport Companion Program, plus six complimentary lounge visits per year from the date of enrollment. The Scotiabank Passport Visa Infinite Privilege card gives the primary and each additional cardholder a complimentary membership in the Visa Airport Companion Program, plus ten complimentary lounge visits per year from the date of enrollment. This program is powered by DragonPass, and provides access to 1,200+ airport lounges globally, including participating Plaza Premium Lounges. These lounge visits are eligible for the primary cardholder and a travel companion. Scotiabank American Express Platinum cardholders can visit lounges in more than 100 countries and 300 cities worldwide. Primary cardholders get a complimentary membership to Priority Pass, plus 10 free visits per year from the date of enrollment. Supplementary cardholders get a Priority Pass membership and 4 free visits per year. How do I activate my card? To activate a Scotiabank Visa or American Express credit card, visit our online activation page . To activate a Mastercard, please call 1-866-583-6289 . How do I add a supplementary card? To add a supplementary card to your credit card account: From your Accounts page, select your credit card account Select Additional Services Select Add Supplementary Cards and follow the instructions Browse more FAQs Ready to apply? We’ll ask a few quick questions including ones about your job, your yearly income, and where you live. Open an account This will take about 15 minutes. Apply now Speak to an advisor We’re here to help. Book an appointment Not sure if this is right for you? This card might not be right if you: Will be carrying an outstanding balance for a long period of time or using it for debt consolidation Prefer cash back rewards Rarely travel or make foreign currency purchase Explore other credit cards Scotiabank Platinum American Express Card Explore this card Scotiabank American Express Card Explore this card Scotiabank Platinum American Express Card Explore this card Scotiabank American Express Card Explore this card Scotiabank Platinum American Express Card Explore this card Scotiabank American Express Card Explore this card Need more information? Set up your card Activate your card Add card to mobile wallet Apply for a credit limit increase Add a supplementary card Get to know your card Revolving credit agreement (Visa/Amex) Credit card welcome kit and insurance Credit card fees Credit card interest rates Zero liability policy, commitment, and codes Report a lost or stolen card Scene+ program Terms & Conditions opens in a new tab Apply now Terms & Conditions Legal Δ Symbol (optional) Δ Legal Text Compared to other consumer credit cards publicly offered by Canadian Schedule 1 banks as of March 3, 2023. Legal Symbol (optional) Legal Text Registered trademarks of The Bank of Nova Scotia. American Express is a registered trademark of American Express. This credit card program is issued and administered by the Bank of Nova Scotia under license from American Express. Legal Symbol (optional) Legal Text Scene+ and the Icon Design are trademarks of Scene Plus IP Corporation, used under license. All other trademarks are the property of their registered owners. Legal ± Symbol (optional) ± Legal Text As awarded by creditcardGenius on January 5, 2025. As awarded by creditcardGenius on January 3, 2023. As awarded by creditcardGenius on January 5, 2022. Legal † Symbol (optional) † Legal Text Used by Amex Bank of Canada under license of American Express. Legal § Symbol (optional) § Legal Text Scotia SelectPay Conditions apply. Review Terms and Conditions for full details or visit scotiabank.com/selectpay to learn more. Legal - ‡ Symbol (optional) ‡ Legal Text As awarded by Rewards Canada on January 4, 2022. Legal - dagger Symbol (optional) † Legal Text As awarded by Rewards Canada on January 4, 2024. Legal - Δ± Symbol (optional) Δ± Legal Text Awarded on February 25, 2025, by ratesdotca Legal - ± Symbol (optional) ± Legal Text Awarded on January 9, 2025, by Milesopedia. opens in a new tab Legal Symbol (optional) Legal Text Offer Description and Conditions: The 45,000 Bonus Scene+ Points and First Year Annual Fee Waiver (the “Offer”) applies only to new Scotiabank Gold American Express credit card accounts (“Accounts”) opened between January 2, 2026 and July 1, 2026 (regardless of the date you apply for the Account) and is subject to the conditions below. 45,000 Bonus Scene+ Point Offer Description and Conditions: To be eligible for 25,000 bonus Scene+ points (the “25,000 Point Bonus”), you must have at least $2,000 in eligible purchases posted to your new Account in the first 3 months of the Account open date.","travel,scene_plus_rewards,no_fx_fee,lounge_access,dining,groceries,entertainment,transit,travel_insurance,cashback,student,low_interest","grocery,dining,travel,transit,student,cashback","Travel rewards card with no foreign transaction fees, Scene+ points, and airport lounge access.",,,,scene+,,,,,,,,,,,
scotia_scene_card_ca,Scotiabank Scene+ Visa Card,Scotiabank,Canada,American Express,Credit Card,https://www.scotiabank.com/ca/en/personal/credit-cards/visa/scene-card.html,,,0.0,0.0,,"travel,scene_plus_rewards,dining,groceries,entertainment,travel_insurance,cashback,student,no_annual_fee,low_interest","grocery,dining,travel,student,cashback",Travel and lifestyle rewards card focused on Scene+ points.,,,,scene+,,,,,,,,,,,
scotia_momentum_cash_back_card_ca,Scotiabank Momentum Visa Card,Scotiabank,Canada,American Express,Credit Card,https://www.scotiabank.com/ca/en/personal/credit-cards/visa/momentum-cash-back-card.html,,,49.0,49.0,,"travel,scene_plus_rewards,groceries,transit,travel_insurance,cashback,student,no_annual_fee","grocery,travel,transit,student,cashback",Travel and lifestyle rewards card focused on Scene+ points.,,,,scene+,,,,,,,,,,,
scotia_momentum_no_fee_card_ca,Scotiabank Scotia Momentum No-Fee Visa Card,Scotiabank,Canada,American Express,Credit Card,https://www.scotiabank.com/ca/en/personal/credit-cards/visa/momentum-no-fee-card.html,,,0.0,0.0,,"travel,scene_plus_rewards,groceries,transit,travel_insurance,cashback,student,no_annual_fee","grocery,travel,transit,student,cashback",Travel and lifestyle rewards card focused on Scene+ points.,,,,scene+,,,,,,,,,,,
scotia_no_fee_amex_card_ca,Scotiabank American Express Card,Scotiabank,Canada,American Express,Credit Card,https://www.scotiabank.com/ca/en/personal/credit-cards/american-express/no-fee-amex-card.html,,,0.0,0.0,,"travel,scene_plus_rewards,dining,groceries,entertainment,transit,travel_insurance,cashback,student,no_annual_fee,low_interest","grocery,dining,travel,transit,student,cashback",Travel and lifestyle rewards card focused on Scene+ points.,,,,scene+,,,,,,,,,,,
scotia_platinum_card_ca,Scotiabank Platinum American Express Card,Scotiabank,Canada,American Express,Credit Card,https://www.scotiabank.com/ca/en/personal/credit-cards/american-express/platinum-card.html,,,399.0,399.0,"Earn up to $2,500 in value in the first 14 months, including up to 80,000 4 bonus Scene+ points . Offer details Fees, rates & other information 5 Annual fee $399 Minimum credit limit $10,000 Purchase interest rate 9.99% Cash advance rate 9.99% Including balance transfers, Scotia Credit Card Cheques and cash-like transactions Supplementary cards $99/year 10 Complimentary airport lounge access 6 Be confident that you’ll have a place to relax or catch up on business. Enjoy complimentary lounge access with Priority Pass and Plaza Premium lounges with access to over 1200+ VIP lounges around the world. You must present your Priority Pass Membership Card (or Digital Membership Card) to enter lounges accessible through Priority Pass and present your Scotiabank American Express Platinum card to access the Plaza Premium lounges. Your card comes with great benefits Benefits Insurance coverage Benefits Insurance coverage 10 Complimentary airport lounge access 6 Be confident that you’ll have a place to relax or catch up on business. Enjoy complimentary lounge access with Priority Pass and Plaza Premium lounges with access to over 1200+ VIP lounges around the world. You must present your Priority Pass Membership Card (or Digital Membership Card) to enter lounges accessible through Priority Pass and present your Scotiabank American Express Platinum card to access the Plaza Premium lounges. As a Scotiabank American Express Platinum Cardholder you receive access to lounges in more than 100 countries and 300 cities worldwide. Access includes: Use of lounges in the program regardless of the class of travel or airline you're flying Privileged access to over 1200 Airport VIP Lounges worldwide Relaxing ambience – for both you and your guests Complimentary refreshments and snacks Email, internet and conference space Primary Cardholders receive complimentary membership plus 10 free visits per year from the date of enrolment. Supplementary Cardholders receive complimentary membership plus 4 free visits per year from the date of enrolment. Lounge visits exceeding your complimentary benefit entitlement will be charged at the prevailing retail rate which can be found at https://www.prioritypass.com/join-prioritypass To take advantage of this benefit, each Cardholder (primary and supplementary) needs to enrol for the Priority Pass membership separately. In order to apply for a Priority Pass go to prioritypass.com/scotiabankplatinum and provide code Scotia1 for primary cardholder and code Scotia2 for supplementary cardholder. No foreign transaction fees 7 You will not be charged a Foreign Currency Conversion mark-up on foreign currency purchases whether you make them online or outside of Canada. Only the exchange rate applies. Get ready to take off with Scene+ Travel 2 With Scene+ Travel, you can earn 3 Scene+ points per Canadian dollar (CAD$) spent on hotel and car rental bookings made through Scene+ Travel using your Scotiabank American Express Card. Points can be redeemed on the total value of Things to do, hotel or car rental booking purchases (including taxes and fees) made through Scene+ Travel. You can access a range of flexible options when it comes to booking and redeeming for travel purchases.2 You can choose to book online or over the phone. To book online: Log in to your Scene+ account at sceneplus.ca Plan your trip Book your travel with points, your Scotiabank Platinum American Express Card, or a combination of both Apply Scene+ Points to Travel 8 With Scene+, you have the flexibility to make your own travel arrangements at any travel provider, site or operator that you choose, and then select the “Apply Points to Travel” option to redeem points to cover off your trip costs within 12 months of the date of the travel purchase. Book eligible travel using your Scotiabank Platinum American Express Card or other Scotia credit card that earns Scene+ points. Wait for your travel purchase to be posted to your Card. Log into sceneplus.ca , and redeem your Scene+ points towards the travel purchase8. To learn more on how to apply Scene+ points to Travel, call 1-866-586-2805 or visit sceneplus.ca . Beyond travel rewards Treat yourself or your loved ones with rewarding experiences and exclusive offers by Scene+ (Shopping and gift cards, Dining, Entertainment, Points for credit). Redeeming is easy. Shopping and gift cards - Redeem for the latest in tech through the Apple and Best Buy catalogues, and for gift cards at more than 60 national retailers. Dining - Redeem points at over 800+ restaurant partners including Swiss Chalet, Harvey’s, Montana’s and more. Entertainment - Redeem points at Cineplex Theatres^, Cineplex Store^, The Rec Room^ and Playdium^. Points for credit - Use the ‘Points for Credit’ option to receive a statement credit on your Scotiabank Platinum American Express Card. Remember to review the Scene+ Program Terms and Conditions available on scene.ca/sceneplus for full details about these program benefits. For more information about all the ways you can redeem your points or about the Scene+ Program, visit scene.ca/sceneplus or call 1-866-586-2805. Enjoy premium concierge services 3 For everything from restaurant reservations to show tickets to finding the perfect birthday gift, your full-service travel and lifestyle Concierge Service is happy to assist, 24/7. Amex Experiences Amex Experiences 9 includes: Front Of The Line Presale Tickets or reservations to some of the most in-demand concerts, theatre productions, restaurants and special events, often before the general public. Front Of The Line Reserved Tickets gets you access to a block of great seats reserved for Cardmembers even after shows are on sale to the public. Special Offers & Experiences for all Cardmembers - enjoy a variety of special Entertainment offers and events created for Cardmembers. Sign up for e-Updates Premium Lifestyle Experiences 15 Your Scotiabank Platinum American Express Card gives you access to an array of incredible experiences. For the evolved palate Access to culinary experiences featuring the world’s greatest chefs including private group dinners, cooking classes, and culinary apprenticeships. Travel in style and luxury Enjoy a variety of special offers and discounts along your travel journey. With access to discounted bookings, car rental perks, and curated hotel offerings, travel has never been easier. The best of entertainment Enjoy a variety of special offers and events created for Cardmembers. From advance screenings of blockbuster movies, music and theatre packages, it’s easy to have an experience you’ll never forget. Make everyday more premium Access lifestyle benefits to get the most out of life. Platinum benefits can improve life’s everyday moments, from elevating your golf game to exploring the latest fashion trends with top designers. Amex Offers † Make every day more rewarding with Amex Offers † With offers for shopping, dining, travel, and more, there’s something for everyone. Adding offers to your card is quick, easy, and best of all, incredibly rewarding. 14 Register your Card Be a Hertz #1 Club Gold Member Enjoy speedier service, less paperwork, and other special privileges and benefits at over 8,500 locations across 147 countries. Save time at the checkout Tap your Scotiabank American Express Platinum Card or your smartphone for quick easy payments. Pay faster Apple Pay – The easy, secure, and private way to pay with your eligible Scotiabank credit cards 11 . Insurance coverage available with your Card Take advantage of all the ways a Scotiabank Platinum American Express Card adds to your life. Travel Emergency Medical Insurance 12 Coverage is provided for eligible persons under age 65 for up to 31 consecutive days and for eligible persons age 65 and older for up to 10 consecutive days. As a Scotiabank American Express Platinum cardmember (cardmember includes the primary cardmember and any supplemental cardmember), you, your spouse and your dependent children are each eligible for up to $2 million in emergency medical coverage if sudden and unexpected illness or accidental injury should occur while travelling outside your province or territory of residence in Canada. Coverage includes eligible expenses for hospital care, nursing care, prescription drugs, licensed ambulances and physicians' and surgeons' fees, as well as other eligible medical services and supplies. The date of departure is counted as the first day. This benefit is subject to an exclusion for pre-existing medical conditions. If you are under age 65 and are travelling for more than 31 days or if you are age 65 and older and travelling for more than 10 days, you may choose to purchase additional days from the insurer prior to your departure date by calling 1-877-222-7342. You will receive a separate Certificate of Insurance if you choose to purchase this coverage. Certificate of Insurance Trip Cancellation / Trip Interruption Insurance 12 Protect your travel investment with trip cancellation and trip interruption insurance at no extra cost when you charge at least 75% of your trip costs to your Card. You, your spouse and your dependent children are eligible for up to $2,500 per person for travel expenses (maximum $10,000 per trip) for trip cancellation benefits and for up to $5,000 per person for travel expenses (maximum $25,000 per trip) for trip interruption when you charge at least 75% of such trip expenses to your Scotiabank American Express Platinum Card and are forced to cancel or interrupt your trip for medical or non-medical causes. Coverage provides reimbursement of non-refundable eligible trip costs and additional charges for ticketing changes. Certificate of Insurance Flight Delay Insurance 12 Charge at least 75% of the full ticket cost to your Scotiabank American Express Platinum Card and you’ll be eligible for reimbursement of necessary expenses such as hotel accommodations, meals and other emergency items. You may be reimbursed for eligible necessary and reasonable living expenses incurred during the period of a delayed flight or missed connection which lasts four hours or more to a limit of $1,000 per insured person on the same trip. Certificate of Insurance Rental Car Collision Loss/Damage Insurance 12 Charge the full cost of your eligible rental car to your Card and you’re automatically insured if your rental is damaged or stolen. You are automatically covered by Collision Loss/Damage Insurance when you rent a vehicle in your name, decline the agency's collision damage waiver or loss damage waiver (or similar provision) and use your Scotiabank American Express Platinum Card to pay for the entire cost of the rental. If your rental car is damaged or stolen you are covered for the amount that you are liable to the Rental Agency up to the actual cash value of the vehicle. Note that the rental period cannot exceed 48 consecutive days and vehicles costing over $65,000 are not covered. Certificate of Insurance Delayed and Lost Baggage Insurance 12 Charge the full cost of your airplane, train, bus or cruise ship tickets to your Card. If your checked luggage is delayed or lost – you’re covered. When you purchase common carrier tickets with your Scotiabank American Express Platinum Card, you are eligible for coverage against the loss or the delay of your checked luggage. The lost luggage benefit is limited to the lesser of the value of the covered luggage or the actual replacement cost of the lost or stolen covered luggage, to a combined maximum of $1,000. The delayed luggage benefit is limited to $1,000 for all insured persons on the same trip for the cost of replacing eligible essential items if your checked luggage is not delivered within four (4) hours from your time of arrival at your final destination. Certificate of Insurance Travel Accident Insurance 12 Charge at least 75% of your ticket cost to your Card and you’re insured against accidental loss of life or dismemberment. You, your spouse and eligible dependent children will be automatically insured against accidental loss of life, or dismemberment – up to a maximum of $500,000 (to a maximum of $1,000,000 per occurrence). Coverage is in place while occupying a common carrier for which you have charged at least 75% of the ticket cost to your Scotiabank American Express Platinum Card, and which is licensed to carry passengers such as airplanes, cruise ships, trains or buses. Certificate of Insurance Hotel/Motel Burglary Insurance 12 Use your Card to pay for your stay at any hotel or motel in Canada or the U.S. When you check into any hotel or motel in Canada or the U.S., and charge your stay to your Scotiabank American Express Platinum Card, you and your spouse and dependent children travelling with you will be eligible for coverage against theft of your covered personal property if your room is broken into. Should your claim exceed the amount reimbursable by the hotel, and/or any applicable insurance protection, your coverage picks up the balance, up to a maximum of $1,000. Certificate of Insurance Mobile Device Insurance 12 You may have Mobile Device Insurance for new cell phones, smartphones, or tablets purchased on or after July 1, 2022, when you charge the full cost of your new mobile device to your Card, or charge all of your wireless bill payments for such device to your Card when you fund such purchase through a plan. You may be covered for up to $1,000 in the event your cell phone, smartphone, or tablet is lost, stolen, accidentally damaged, or experiences mechanical failure. Certificate of Insurance For claim forms and answers to Frequently Asked Questions visit our partner's site . Shop with added coverage Added coverage means you can shop with confidence anywhere around the world. Purchase Security & Extended Warranty Protection 12 Most items purchased with your Card are insured against theft, loss or damage for 120 days from the purchase date and the manufacturer’s warranty is doubled for up to one year. Most items purchased anywhere in the world are automatically insured against theft, loss or damage as long as the full cost of the item is charged to your Scotiabank American Express Platinum Card. Coverage extends for the first 120 days from the date of purchase, is limited to the lesser of the repair cost, replacement cost or original purchase price, and is in excess of any other insurance coverage. When you charge the full cost of most items to your Card, extended warranty coverage doubles the original manufacturer’s warranty for up to two years. Coverage is limited to the lesser of the repair cost, replacement cost, or original purchase price. Items covered by a manufacturer’s warranty repair services of five years or more must be registered within the first year of purchase.","travel,scene_plus_rewards,no_fx_fee,lounge_access,dining,groceries,entertainment,travel_insurance,cashback,student,low_interest","grocery,dining,travel,student,cashback","Travel rewards card with no foreign transaction fees, Scene+ points, and airport lounge access.",,,,scene+,,,,,,,,,,,
scotia_passport_infinite_privilege_card_ca,Scotiabank Passport Visa Infinite Privilege Card,Scotiabank,Canada,American Express,Credit Card,https://www.scotiabank.com/ca/en/personal/credit-cards/visa/passport-infinite-privilege-card.html,,,599.0,599.0,,"travel,scene_plus_rewards,lounge_access,dining,groceries,entertainment,travel_insurance,cashback,student,no_annual_fee,low_interest","grocery,dining,travel,student,cashback",Travel and lifestyle rewards card focused on Scene+ points.,,,,scene+,,,,,,,,,,,
scotia_momentum_card_ca,Scotiabank Momentum Mastercard Card,Scotiabank,Canada,American Express,Credit Card,https://www.scotiabank.com/ca/en/personal/credit-cards/mastercard/momentum-card.html,,,0.0,0.0,,"travel,scene_plus_rewards,groceries,travel_insurance,cashback,student,no_annual_fee,low_interest","grocery,travel,student,cashback",Travel and lifestyle rewards card focused on Scene+ points.,,,,scene+,,,,,,,,,,,
scotia_us_card_ca,Scotiabank U.S. Dollar Visa Card,Scotiabank,Canada,American Express,Credit Card,https://www.scotiabank.com/ca/en/personal/credit-cards/visa/us-card.html,,,35.0,35.0,,"travel,scene_plus_rewards,travel_insurance,cashback,student","travel,student,cashback",Travel and lifestyle rewards card focused on Scene+ points.,,,,scene+,,,,,,,,,,,
scotia_value_card_ca,Scotiabank Value Visa Card,Scotiabank,Canada,American Express,Credit Card,https://www.scotiabank.com/ca/en/personal/credit-cards/visa/value-card.html,,,29.0,29.0,,"travel,scene_plus_rewards,travel_insurance,cashback,student,no_annual_fee,low_interest","travel,student,cashback",Travel and lifestyle rewards card focused on Scene+ points.,,,,scene+,,,,,,,,,,,
scotia_scene_student_card_ca,Scotiabank Scene+ Visa Card for Students,Scotiabank,Canada,American Express,Credit Card,https://www.scotiabank.com/ca/en/personal/credit-cards/visa/scene-student-card.html,,,0.0,0.0,,"travel,scene_plus_rewards,dining,groceries,entertainment,travel_insurance,cashback,student,no_annual_fee,low_interest","grocery,dining,travel,student,cashback",Travel and lifestyle rewards card focused on Scene+ points.,,,,scene+,,,,,,,,,,,
scotia_student_scotia_momentum_no_fee_visa_ca,Scotiabank Scotia Momentum No-Fee Visa Card for Students,Scotiabank,Canada,American Express,Credit Card,https://www.scotiabank.com/ca/en/personal/credit-cards/visa/student-scotia-momentum-no-fee-visa.html,,,0.0,0.0,,"travel,scene_plus_rewards,groceries,transit,travel_insurance,cashback,student,no_annual_fee","grocery,travel,transit,student,cashback",Travel and lifestyle rewards card focused on Scene+ points.,,,,scene+,,,,,,,,,,,
td_cash_back_visa_infinite_ca,TD Cash Back Visa Infinite Card,TD,Canada,Visa,Credit Card,https://www.td.com/ca/en/personal-banking/products/credit-cards/cash-back/cash-back-visa-infinite-card,,,139.0,139.0,"Earn up to $600 in total value ^ , which includes 10% in Cash Back Dollars in the first 3 months on Bonus Eligible Purchases up to a total spend of $3,500 2 , # and receive an Annual Fee rebate for the first year 2 . Conditions apply.","cashback,daily_spend,automotive_perks,premium_perks,travel","travel,cashback","Canadian cash back credit card for groceries, gas, transit, recurring bills, streaming, and Visa Infinite benefits.","$60,000 personal or $100,000 household annual income. | You are a Canadian resident and are of the age of majority in your province/territory of residence.",60000.0,100000.0,cashback,,,,,,,,,,,
td_cash_back_visa_ca,Apply for a TD Cash Back Visa Card,TD,Canada,Visa,Credit Card,https://www.td.com/ca/en/personal-banking/products/credit-cards/cash-back/cash-back-visa-card,,,0.0,0.0,,"cashback,daily_spend,automotive_perks,premium_perks",cashback,"Canadian cash back credit card for groceries, gas, transit, recurring bills, streaming, and Visa Infinite benefits.",You are a Canadian resident and are of the age of majority in your province/territory of residence.,,,cashback,,,,,,,,,,,
td_aeroplan_visa_platinum_card_ca,TD Aeroplan Visa Platinum Credit Card,TD,Canada,Visa,Credit Card,https://www.td.com/ca/en/personal-banking/products/credit-cards/aeroplan/aeroplan-visa-platinum-card,,,89.0,89.0,,"cashback,daily_spend,automotive_perks,premium_perks,travel","travel,cashback","Canadian cash back credit card for groceries, gas, transit, recurring bills, streaming, and Visa Infinite benefits.",You are a Canadian resident and are of the age of majority in your province/territory of residence.,,,aeroplan,,,,,,,,,,,
td_first_class_travel_visa_infinite_card_ca,TD First Class Travel Visa Infinite Card,TD,Canada,Visa,Credit Card,https://www.td.com/ca/en/personal-banking/products/credit-cards/travel-rewards/first-class-travel-visa-infinite-card,,,139.0,139.0,,"cashback,daily_spend,automotive_perks,premium_perks,travel","travel,cashback","Canadian cash back credit card for groceries, gas, transit, recurring bills, streaming, and Visa Infinite benefits.","$60,000 personal or $100,000 household annual income.",60000.0,100000.0,cashback,,,,,,,,,,,
td_platinum_travel_visa_card_ca,TD Platinum Travel Visa Card,TD,Canada,Visa,Credit Card,https://www.td.com/ca/en/personal-banking/products/credit-cards/travel-rewards/platinum-travel-visa-card,,,89.0,89.0,,"cashback,daily_spend,automotive_perks,premium_perks,travel","travel,cashback","Canadian cash back credit card for groceries, gas, transit, recurring bills, streaming, and Visa Infinite benefits.",You are a Canadian resident and are of the age of majority in your province/territory of residence.,,,cashback,,,,,,,,,,,
td_rewards_visa_card_ca,TD Rewards Visa Credit Card,TD,Canada,Visa,Credit Card,https://www.td.com/ca/en/personal-banking/products/credit-cards/travel-rewards/rewards-visa-card,,,0.0,0.0,,"cashback,daily_spend,automotive_perks,premium_perks",cashback,"Canadian cash back credit card for groceries, gas, transit, recurring bills, streaming, and Visa Infinite benefits.",You are a Canadian resident and are of the age of majority in your province/territory of residence.,,,cashback,,,,,,,,,,,
td_low_rate_visa_card_ca,TD Low Rate Visa Credit Card,TD,Canada,Visa,Credit Card,https://www.td.com/ca/en/personal-banking/products/credit-cards/low-rate/low-rate-visa-card,,,25.0,25.0,,"cashback,automotive_perks,premium_perks",cashback,"Canadian cash back credit card for groceries, gas, transit, recurring bills, streaming, and Visa Infinite benefits.",You are a Canadian resident and are of the age of majority in your province/territory of residence.,,,cashback,,,,,,,,,,,
td_us_dollar_visa_card_ca,Apply for a TD U.S. Dollar Visa Card,TD,Canada,Visa,Credit Card,https://www.td.com/ca/en/personal-banking/products/credit-cards/us-dollar/us-dollar-visa-card,,,39.0,39.0,,"cashback,premium_perks,travel","travel,cashback","Canadian cash back credit card for groceries, gas, transit, recurring bills, streaming, and Visa Infinite benefits.",You are a Canadian resident and are of the age of majority in your province/territory of residence.,,,cashback,,,,,,,,,,,
td_business_travel_visa_card_ca,Apply for a TD Business Travel Visa Card - TD Canada Trust,TD,Canada,Visa,Credit Card,https://www.td.com/ca/en/business-banking/small-business/credit-cards/business-travel-visa-card,,,149.0,149.0,,"cashback,daily_spend,automotive_perks,travel","travel,cashback","Canadian cash back credit card for groceries, gas, transit, recurring bills, streaming, and Visa Infinite benefits.",You are a Canadian resident and are of the age of majority in your province/territory of residence.,,,cashback,,,,,,,,,,,
td_aeroplan_visa_business_card_ca,TD Aeroplan Visa Business Credit Card,TD,Canada,Visa,Credit Card,https://www.td.com/ca/en/business-banking/small-business/credit-cards/aeroplan-visa-business-card,,,149.0,149.0,,"cashback,daily_spend,premium_perks,travel","travel,cashback","Canadian cash back credit card for groceries, gas, transit, recurring bills, streaming, and Visa Infinite benefits.",You are a Canadian resident and are of the age of majority in your province/territory of residence.,,,aeroplan,,,,,,,,,,,
td_business_cash_back_visa_card_ca,Apply for TD Business Cash Back Visa Card,TD,Canada,Visa,Credit Card,https://www.td.com/ca/en/business-banking/small-business/credit-cards/business-cash-back-visa-card,,,0.0,0.0,,"cashback,daily_spend,automotive_perks",cashback,"Canadian cash back credit card for groceries, gas, transit, recurring bills, streaming, and Visa Infinite benefits.",You are a Canadian resident and are of the age of majority in your province/territory of residence.,,,cashback,,,,,,,,,,,
td_business_select_rate_visa_card_ca,TD Business Select RateTM Visa Card,TD,Canada,Visa,Credit Card,https://www.td.com/ca/en/business-banking/small-business/credit-cards/business-select-rate-visa-card,,,0.0,0.0,,"cashback,daily_spend,automotive_perks",cashback,"Canadian cash back credit card for groceries, gas, transit, recurring bills, streaming, and Visa Infinite benefits.",You are a Canadian resident and are of the age of majority in your province/territory of residence.,,,cashback,,,,,,,,,,,
